ICAO,NAME,GAF_AREA,LAT,LONG
YABA,Albany,WA-S,-34.94344,117.8089
YBUN,Bunbury,WA-S,-33.378,115.677
YBLN,Busselton,WA-S,-33.68729,115.40026
YCAR,Carnarvon,WA-S,-24.88068,113.67209
YCUN,Cunderdin,WA-S,-31.62222,117.21667
YEST,Esperance,WA-S,-33.68444,121.82264
YFRT,Forrest,WA-S,-30.84389,128.11944
YGEL,Geraldton,WA-S,-28.79621,114.7075
YGLS,Giles,WA-S,-25.05,128.3
YGGE,Golden Grove,WA-S,-28.765,116.9717
YPJT,Jandakot,WA-S,-32.095,115.87444
YPKG,Kalgoorlie,WA-S,-30.78938,121.46173
YLST,Leinster,WA-S,-27.8434,120.70323
YLEO,Leonora,WA-S,-28.87812,121.31465
YMEK,Meekatharra,WA-S,-26.61175,118.54768
YMOG,Mount Magnet,WA-S,-28.11616,117.84173
YPEA,Pearce,WA-S,-31.66768,116.01506
YPPH,Perth,WA-S,-31.94389,115.97306
YSHK,Shark Bay,WA-S,-25.89387,113.57723
YSCR,Southern Cross,WA-S,-31.2403,119.35979
YTRA,Tropicana,WA-S,-29.18667,124.55028
YWBR,Warburton ,WA-S,-26.12833,126.58333
YWMO,West Musgrave,WA-S,-26.0545,127.6907
YWLU,Wiluna,WA-S,-26.62925,120.22054
YARG,Argyle,WA-N,-16.63684,128.45134
YBRY,Barimunya,WA-N,-22.6719,119.1628
YBWX,Barrow island,WA-N,-20.86452,115.40606
YBGD,Boolgeeda,WA-N,-22.54111,117.26944
YBRM,Broome,WA-N,-17.94958,122.22774
YCHK,Christmas Creek,WA-N,-22.3562,119.6497
YPXM,Christmas Island,WA-N,-10.45059,105.69035
YPCC,Cocos Island,WA-N,-12.18865,96.83048
YCWA,Coondewanna,WA-N,-22.965,118.8089
YCIN,Curtin/Derby South,WA-N,-17.58145,123.82819
YDBY,Derby,WA-N,-17.3701,123.66065
YEWA,Eliwana,WA-N,-22.4281,116.8867
YFTZ,Fitzroy Crossing,WA-N,-18.182,125.55867
YFDF,Fortescue Dave Forrest,WA-N,-22.29183,119.43733
YKDD,Gudai-Darri Mine,WA-N,-22.5031,119.0723
YHLC,Halls Creek,WA-N,-18.23396,127.6696
YIBO,Ironbridge Mine,WA-N,-21.2853,118.8765
YPKA,Karratha,WA-N,-20.71667,116.77639
YKLC,Koolan Island/Central,WA-N,-16.12,123.73
YPKU,Kununurra,WA-N,-15.77804,128.70743
YPLM,Learmonth,WA-N,-22.23548,114.08854
YLBD,Lombadina,WA-N,-16.5158,122.9214
YTST,Mungalalu-Truscott,WA-N,-14.08969,126.38069
YNWN,Newman,WA-N,-23.41783,119.80274
YOLW,Onslow,WA-N,-21.6684,115.113
YPBO,Paraburdoo,WA-N,-23.17122,117.7454
YPPD,Port Hedland,WA-N,-20.3875,118.62444
YSOL,Solomon,WA-N,-22.2547,117.847
YTEF,Telfer,WA-N,-21.71492,122.22874
YANG,West Angelas,WA-N,-23.135,118.70667
YMAV,Avalon,VIC,-38.0394,144.46948
YBNS,Bairnsdale,VIC,-37.88751,147.56764
YBLT,Ballarat,VIC,-37.51159,143.79123
YBDG,Bendigo,VIC,-36.73941,144.32985
YMES,East Sale,VIC,-38.098889,147.149444
YMEN,Essendon,VIC,-37.72722,144.89861
YHML,Hamilton,VIC,-37.64876,142.06524
YHSM,Horsham,VIC,-36.66969,142.17268
YLTV,Latrobe Valley,VIC,-38.20723,146.47031
YMNG,Mangalore,VIC,-36.89861,145.18472
YMML,Melbourne,VIC,-37.66833,144.83194
YMIA,Mildura,VIC,-34.22926,142.08556
YMMB,Moorabbin,VIC,-37.97861,145.09583
YPOD,Portland,VIC,-38.31809,141.47104
YSHT,Shepparton,VIC,-36.42881,145.39256
YSWH,Swan Hill,VIC,-35.37571,143.53274
YWGT,Wangaratta,VIC,-36.41593,146.30686
YWBL,Warrnambool,VIC,-38.29514,142.44674
YDPO,Devonport,TAS,-41.17444,146.42528
YFLI,Flinders Island,TAS,-40.09129,147.99267
YMHB,Hobart,TAS,-42.83722,147.5
YKII,King Island,TAS,-39.88583,143.88194
YMLT,Launceston,TAS,-41.54944,147.20694
YSTH,St Helens,TAS,-41.3368,148.28185
YSRN,Strahan,TAS,-42.15563,145.29129
YWYY,Wynyard,TAS,-40.99879,145.73122
YPAD,Adelaide,SA,-34.94944,138.52556
YCDU,Ceduna,SA,-32.1306,133.70975
YCBP,Coober Pedy,SA,-29.04,134.72086
YPED,Edinburgh,SA,-34.71206,138.62361
YERN,Ernabella Pukatja,SA,-26.26258,132.18176
YKSC,Kingscote,SA,-35.70694,137.52083
YLEC,Leigh Creek,SA,-30.59583,138.426
YOOM,Moomba,SA,-28.09954,140.19705
YMTG,Mount Gambier,SA,-37.74544,140.78528
YMBD,Murray Bridge,SA,-35.06667,139.22667
YNRC,Naracoorte,SA,-36.985,140.725
YOLD,Olympic Dam,SA,-30.485,136.87667
YPPF,Parafield,SA,-34.79028,138.6375
YPAG,Port Augusta,SA,-32.50692,137.7168
YPLC,Port Lincoln,SA,-34.60539,135.88028
YREN,Renmark,SA,-34.19641,140.674
YWHA,Whyalla,SA,-33.0525,137.52222
YPWR,Woomera,SA,-31.14806,136.81389
YAMB,Amberley,QLD-S,-27.64066,152.71182
YBAF,Archerfield,QLD-S,-27.57034,153.00803
YLLE,Ballera,QLD-S,-27.40833,141.80833
YBDV,Birdsville,QLD-S,-25.89889,139.35194
YBBN,Brisbane,QLD-S,-27.38889,153.11583
YBUD,Bundaberg,QLD-S,-24.89667,152.32306
YBCV,Charleville,QLD-S,-26.4125,146.25694
YEML,Emerald,QLD-S,-23.56763,148.1792
YGLA,Gladstone,QLD-S,-23.86981,151.22274
YBCG,Gold Coast (Coolangatta),QLD-S,-28.16111,153.51528
YHBA,Hervey Bay,QLD-S,-25.31881,152.8803
YKRY,Kingaroy,QLD-S,-26.58081,151.84101
YLRE,Longreach,QLD-S,-23.44583,144.28278
YBSU,Maroochydore/Sunshine Coast,QLD-S,-26.60342,153.09104
YMYB,Maryborough (QLD),QLD-S,-25.52083,152.70833
YBOK,Oakey,QLD-S,-27.41639,151.73556
YBRK,Rockhampton,QLD-S,-23.37861,150.47639
YROM,Roma,QLD-S,-26.54512,148.77486
YSGE,St George,QLD-S,-28.04976,148.5953
YTNG,Thangool,QLD-S,-24.49377,150.57624
YTGM,Thargomindah,QLD-S,-27.98635,143.8109
YTWB,Toowoomba,QLD-S,-27.55556,151.92083
YBWW,Wellcamp,QLD-S,-27.5586,151.7942
YWDH,Windorah,QLD-S,-25.41294,142.66731
YBKT,Burketown,QLD-N,-17.7485,139.53451
YBCS,Cairns,QLD-N,-16.87583,145.75278
YCMT,Clermont,QLD-N,-22.77294,147.62063
YCCY,Cloncurry,QLD-N,-20.67306,140.50278
YCOE,Coen,QLD-N,-13.76208,143.11643
YCKN,Cooktown,QLD-N,-15.44466,145.18431
YGTN,Georgetown,QLD-N,-18.30504,143.52991
YBHM,Hamilton Island,QLD-N,-20.35816,148.95164
YHID,Horn Island,QLD-N,-10.58644,142.29003
YHUG,Hughenden,QLD-N,-20.81493,144.2252
YIFL,Innisfail,QLD-N,-17.55858,146.01162
YJLC,Julia Creek,QLD-N,-20.66837,141.72249
YKOW,Kowanyama,QLD-N,-15.48559,141.75142
YLHR,Lockhart River,QLD-N,-12.78708,143.30469
YBMK,Mackay,QLD-N,-21.17167,149.17444
YMBA,Mareeba,QLD-N,-17.06911,145.41905
YMRB,Moranbah,QLD-N,-22.05791,148.07756
YMTI,Mornington Island,QLD-N,-16.66263,139.17793
YBMA,Mount Isa,QLD-N,-20.66639,139.48944
YNTN,Normanton,QLD-N,-17.685,141.07025
YBPN,Proserpine/Whitsunday Coast,QLD-N,-20.495,148.55235
YRMD,Richmond ,QLD-N,-20.70203,143.11481
YTMO,The Monument,QLD-N,-21.81108,139.92361
YBTL,Townsville,QLD-N,-19.25472,146.77222
YTEE,Trepell,QLD-N,-21.835,140.88833
YBWP,Weipa,QLD-N,-12.67857,141.92538
YWTN,Winton,QLD-N,-22.36348,143.08561
YBAS,Alice Springs,NT,-23.80694,133.89944
YAYE,Ayers Rock (Yulara),NT,-25.18614,130.97556
YBTI,Bathurst Island Nguiu,NT,-11.76909,130.61974
YBYU,Bayu Undun Platform ,NT,-11.07,126.613333
YPDN,Darwin,NT,-12.41833,130.8675
DEFB,Dili ,NT,-8.546389,125.524722
YELD,Elcho Island Ngayawili,NT,-12.01934,135.57065
YPGV,Gove,NT,-12.26931,136.81832
YGTE,Groote Eylandt,NT,-13.975,136.46
YHOO,Hooker Creek (Lajamanu),NT,-18.33586,130.64344
YJAB,Jabiru,NT,-12.65842,132.89309
YMGD,Maningrida,NT,-12.05605,134.23408
YMHU,McArthur River Mine,NT,-16.44253,136.08373
YNGU,Ngukurr,NT,-14.72283,134.7476
YPKT,Port Keats,NT,-14.24987,129.52922
WPDB,Suai,NT,-9.303889,125.286944
YTNK,Tennant Creek,NT,-19.64861,134.18139
YTGT,The Granites,NT,-20.54833,130.34667
YPTN,Tindal,NT,-14.52099,132.37786
YYND,Yuendumu,NT,-22.25412,131.78217
YMAY,Albury,NSW-W,-36.06944,146.95333
YBKE,Bourke,NSW-W,-30.03904,145.95163
YBHI,Broken Hill,NSW-W,-32.00146,141.47163
YCBA,Cobar,NSW-W,-31.53833,145.79389
YSDU,Dubbo,NSW-W,-32.21944,148.56528
YGTH,Griffith,NSW-W,-34.25097,146.06727
YIVO,Ivanhoe,NSW-W,-32.88333,144.31
YNAR,Narrandera,NSW-W,-34.70217,146.51226
YTEM,Temora,NSW-W,-34.42131,147.51169
YWLG,Walgett,NSW-W,-30.03267,148.12578
YARM,Armidale,NSW-E,-30.52818,151.61709
YBNA,Ballina/Byron Gateway,NSW-E,-28.83378,153.56244
YSBK,Bankstown,NSW-E,-33.9225,150.98111
YBTH,Bathurst,NSW-E,-33.40944,149.65194
YSCN,Camden,NSW-E,-34.0425,150.6875
YSCB,Canberra,NSW-E,-35.28389,149.16389
YCFS,Coffs Harbour,NSW-E,-30.31694,153.11667
YCOM,Cooma,NSW-E,-36.29306,148.97222
YCBB,Coonabarabran,NSW-E,-31.33259,149.26713
YGLI,Glen Innes,NSW-E,-29.675,151.68944
YGLB,Goulburn,NSW-E,-34.81022,149.7265
YGFN,Grafton,NSW-E,-29.75944,153.03
YSHW,Holsworthy,NSW-E,-34,150.95167
YLIS,Lismore,NSW-E,-28.83034,153.25998
YLHI,Lord Howe Island,NSW-E,-31.53835,159.07719
YMND,Maitland,NSW-E,-32.70333,151.48833
YMER,Merimbula,NSW-E,-36.90871,149.90132
YMOR,Moree,NSW-E,-29.49881,149.84465
YMRY,Moruya,NSW-E,-35.89784,150.14441
YMDG,Mudgee,NSW-E,-32.56249,149.61109
YNBR,Narrabri,NSW-E,-30.31918,149.82734
YSNF,Norfolk Island,NSW-E,-29.0425,167.938056
YSNW,Nowra,NSW-E,-34.93333,150.56111
YORG,Orange,NSW-E,-33.38177,149.13298
YPKS,Parkes,NSW-E,-33.13127,148.23905
YPMQ,Port Macquaire,NSW-E,-31.43594,152.86335
YSRI,Richmond ,NSW-E,-33.60069,150.78072
YSCO,Scone,NSW-E,-32.03725,150.83213
YSHL,Shellharbour,NSW-E,-34.56116,150.78859
YSSY,Sydney,NSW-E,-33.95694,151.16667
YSTW,Tamworth,NSW-E,-31.08889,150.85
YTRE,Taree,NSW-E,-31.88856,152.51384
YSWG,Wagga Wagga,NSW-E,-35.16389,147.4625
YWLM,Williamtown ,NSW-E,-32.79493,151.83447
YYNG,Young,NSW-E,-34.25567,148.24813
